Username,Email,Password,UserType,Status,LastPasswordChange,AccountCreatedDate
2303001,2303001@student.ruet.ac.bd,543,student,Active,2026-03-02,2026-03-02
2303002,2303002@student.ruet.ac.bd,544,student,Active,2026-03-02,2026-03-02
2303003,2303003@student.ruet.ac.bd,545,student,Active,2026-03-02,2026-03-02
2303004,2303004@student.ruet.ac.bd,546,student,Active,2026-03-02,2026-03-02
2303005,2303005@student.ruet.ac.bd,547,student,Active,2026-03-02,2026-03-02
2303006,2303006@student.ruet.ac.bd,548,student,Active,2026-03-02,2026-03-02
2303007,2303007@student.ruet.ac.bd,549,student,Active,2026-03-02,2026-03-02
2303008,2303008@student.ruet.ac.bd,123,student,Active,2026-03-03,2026-03-03
2303009,2303009@student.ruet.ac.bd,551,student,Active,2026-03-02,2026-03-02
2303010,2303010@student.ruet.ac.bd,552,student,Active,2026-03-02,2026-03-02
2303011,2303011@student.ruet.ac.bd,553,student,Active,2026-03-02,2026-03-02
2303012,2303012@student.ruet.ac.bd,554,student,Active,2026-03-02,2026-03-02
2303013,2303013@student.ruet.ac.bd,555,student,Active,2026-03-02,2026-03-02
2303014,2303014@student.ruet.ac.bd,556,student,Active,2026-03-02,2026-03-02
2303015,2303015@student.ruet.ac.bd,557,student,Active,2026-03-02,2026-03-02
2303016,2303016@student.ruet.ac.bd,558,student,Active,2026-03-02,2026-03-02
2303017,2303017@student.ruet.ac.bd,559,student,Active,2026-03-02,2026-03-02
2303018,2303018@student.ruet.ac.bd,560,student,Active,2026-03-02,2026-03-02
2303019,2303019@student.ruet.ac.bd,561,student,Active,2026-03-02,2026-03-02
2303020,2303020@student.ruet.ac.bd,562,student,Active,2026-03-02,2026-03-02
2303021,2303021@student.ruet.ac.bd,563,student,Active,2026-03-02,2026-03-02
2303022,2303022@student.ruet.ac.bd,564,student,Active,2026-03-02,2026-03-02
2303023,2303023@student.ruet.ac.bd,565,student,Active,2026-03-02,2026-03-02
2303024,2303024@student.ruet.ac.bd,566,student,Active,2026-03-02,2026-03-02
2303025,2303025@student.ruet.ac.bd,567,student,Active,2026-03-02,2026-03-02
2303026,2303026@student.ruet.ac.bd,568,student,Active,2026-03-02,2026-03-02
2303027,2303027@student.ruet.ac.bd,569,student,Active,2026-03-02,2026-03-02
2303028,2303028@student.ruet.ac.bd,570,student,Active,2026-03-02,2026-03-02
2303029,2303029@student.ruet.ac.bd,571,student,Active,2026-03-02,2026-03-02
2303030,2303030@student.ruet.ac.bd,572,student,Active,2026-03-02,2026-03-02
2303031,2303031@student.ruet.ac.bd,573,student,Active,2026-03-02,2026-03-02
2303032,2303032@student.ruet.ac.bd,574,student,Active,2026-03-02,2026-03-02
2303033,2303033@student.ruet.ac.bd,575,student,Active,2026-03-02,2026-03-02
2303034,2303034@student.ruet.ac.bd,576,student,Active,2026-03-02,2026-03-02
2303035,2303035@student.ruet.ac.bd,577,student,Active,2026-03-02,2026-03-02
2303036,2303036@student.ruet.ac.bd,578,student,Active,2026-03-02,2026-03-02
2303037,2303037@student.ruet.ac.bd,579,student,Active,2026-03-02,2026-03-02
2303038,2303038@student.ruet.ac.bd,580,student,Active,2026-03-02,2026-03-02
2303039,2303039@student.ruet.ac.bd,581,student,Active,2026-03-02,2026-03-02
2303040,2303040@student.ruet.ac.bd,582,student,Active,2026-03-02,2026-03-02
2303041,2303041@student.ruet.ac.bd,583,student,Active,2026-03-02,2026-03-02
2303042,2303042@student.ruet.ac.bd,584,student,Active,2026-03-02,2026-03-02
2303043,2303043@student.ruet.ac.bd,585,student,Active,2026-03-02,2026-03-02
2303044,2303044@student.ruet.ac.bd,586,student,Active,2026-03-02,2026-03-02
2303045,2303045@student.ruet.ac.bd,587,student,Active,2026-03-02,2026-03-02
2303046,2303046@student.ruet.ac.bd,588,student,Active,2026-03-02,2026-03-02
2303047,2303047@student.ruet.ac.bd,589,student,Active,2026-03-02,2026-03-02
2303048,2303048@student.ruet.ac.bd,590,student,Active,2026-03-02,2026-03-02
2303049,2303049@student.ruet.ac.bd,591,student,Active,2026-03-02,2026-03-02
2303050,2303050@student.ruet.ac.bd,592,student,Active,2026-03-02,2026-03-02
2303051,2303051@student.ruet.ac.bd,593,student,Active,2026-03-02,2026-03-02
2303052,2303052@student.ruet.ac.bd,594,student,Active,2026-03-02,2026-03-02
2303053,2303053@student.ruet.ac.bd,595,student,Active,2026-03-02,2026-03-02
2303054,2303054@student.ruet.ac.bd,596,student,Active,2026-03-02,2026-03-02
2303055,2303055@student.ruet.ac.bd,597,student,Active,2026-03-02,2026-03-02
2303056,2303056@student.ruet.ac.bd,598,student,Active,2026-03-02,2026-03-02
2303057,2303057@student.ruet.ac.bd,599,student,Active,2026-03-02,2026-03-02
2303058,2303058@student.ruet.ac.bd,600,student,Active,2026-03-02,2026-03-02
2303059,2303059@student.ruet.ac.bd,601,student,Active,2026-03-02,2026-03-02
2303060,2303060@student.ruet.ac.bd,602,student,Active,2026-03-02,2026-03-02
2303061,2303061@student.ruet.ac.bd,603,student,Active,2026-03-02,2026-03-02
2303062,2303062@student.ruet.ac.bd,604,student,Active,2026-03-02,2026-03-02
2303063,2303063@student.ruet.ac.bd,605,student,Active,2026-03-02,2026-03-02
2303064,2303064@student.ruet.ac.bd,606,student,Active,2026-03-02,2026-03-02
2303065,2303065@student.ruet.ac.bd,607,student,Active,2026-03-02,2026-03-02
2303066,2303066@student.ruet.ac.bd,608,student,Active,2026-03-02,2026-03-02
2303067,2303067@student.ruet.ac.bd,609,student,Active,2026-03-02,2026-03-02
2303068,2303068@student.ruet.ac.bd,610,student,Active,2026-03-02,2026-03-02
2303069,2303069@student.ruet.ac.bd,611,student,Active,2026-03-02,2026-03-02
2303070,2303070@student.ruet.ac.bd,612,student,Active,2026-03-02,2026-03-02
2303071,2303071@student.ruet.ac.bd,613,student,Active,2026-03-02,2026-03-02
2303072,2303072@student.ruet.ac.bd,614,student,Active,2026-03-02,2026-03-02
2303073,2303073@student.ruet.ac.bd,615,student,Active,2026-03-02,2026-03-02
2303074,2303074@student.ruet.ac.bd,616,student,Active,2026-03-02,2026-03-02
2303075,2303075@student.ruet.ac.bd,617,student,Active,2026-03-02,2026-03-02
2303076,2303076@student.ruet.ac.bd,618,student,Active,2026-03-02,2026-03-02
2303077,2303077@student.ruet.ac.bd,619,student,Active,2026-03-02,2026-03-02
2303078,2303078@student.ruet.ac.bd,620,student,Active,2026-03-02,2026-03-02
2303079,2303079@student.ruet.ac.bd,621,student,Active,2026-03-02,2026-03-02
2303080,2303080@student.ruet.ac.bd,622,student,Active,2026-03-02,2026-03-02
2303081,2303081@student.ruet.ac.bd,623,student,Active,2026-03-02,2026-03-02
2303082,2303082@student.ruet.ac.bd,624,student,Active,2026-03-02,2026-03-02
2303083,2303083@student.ruet.ac.bd,625,student,Active,2026-03-02,2026-03-02
2303084,2303084@student.ruet.ac.bd,626,student,Active,2026-03-02,2026-03-02
2303085,2303085@student.ruet.ac.bd,627,student,Active,2026-03-02,2026-03-02
2303086,2303086@student.ruet.ac.bd,628,student,Active,2026-03-02,2026-03-02
2303087,2303087@student.ruet.ac.bd,629,student,Active,2026-03-02,2026-03-02
2303088,2303088@student.ruet.ac.bd,630,student,Active,2026-03-02,2026-03-02
2303089,2303089@student.ruet.ac.bd,631,student,Active,2026-03-02,2026-03-02
2303090,2303090@student.ruet.ac.bd,632,student,Active,2026-03-02,2026-03-02
2303091,2303091@student.ruet.ac.bd,633,student,Active,2026-03-02,2026-03-02
2303092,2303092@student.ruet.ac.bd,634,student,Active,2026-03-02,2026-03-02
2303093,2303093@student.ruet.ac.bd,635,student,Active,2026-03-02,2026-03-02
2303094,2303094@student.ruet.ac.bd,636,student,Active,2026-03-02,2026-03-02
847562,847562@admin.ruet.ac.bd,admin847562,admin,Active,2026-03-02,2026-03-02
923847,923847@admin.ruet.ac.bd,admin923847,admin,Active,2026-03-02,2026-03-02
156489,156489@admin.ruet.ac.bd,admin156489,admin,Active,2026-03-02,2026-03-02
734921,734921@admin.ruet.ac.bd,admin734921,admin,Active,2026-03-02,2026-03-02
512847,512847@admin.ruet.ac.bd,admin512847,admin,Active,2026-03-02,2026-03-02
698234,698234@admin.ruet.ac.bd,admin698234,admin,Active,2026-03-02,2026-03-02
381756,381756@admin.ruet.ac.bd,admin381756,admin,Active,2026-03-02,2026-03-02
925461,925461@admin.ruet.ac.bd,admin925461,admin,Active,2026-03-02,2026-03-02
647382,647382@admin.ruet.ac.bd,admin647382,admin,Active,2026-03-02,2026-03-02
819456,819456@admin.ruet.ac.bd,admin819456,admin,Active,2026-03-02,2026-03-02
123456,123456@admin.ruet.ac.bd,admin123456,admin,Active,2026-03-02,2026-03-02
